Species,range_size_km2
Crinia insignifera,16853.414651667645
Crinia parinsignifera,1116598.9819461696
Litoria chloris,276208.52711196523
Litoria xanthomera,14196.030932879774
Limnodynastes peronii,1071421.737367108
Limnodynastes dorsalis,311817.83319804445
